fold,test_actor,accuracy
1,Actor10,0.9636363636363636
2,Actor14,0.7747747747747747
3,Actor12,0.8828828828828829
4,Actor7,0.9577464788732394
5,Actor9,0.8531468531468531
6,Actor8,0.7430555555555556
7,Actor5,0.9305555555555556
8,Actor6,0.8872180451127819
9,Actor3,0.8943661971830986
10,Actor13,0.8125
11,Actor4,0.9708029197080292
12,Actor11,0.9912280701754386
13,Actor2,0.9295774647887324
14,Actor1,0.8275862068965517
